University,Latitude,Longitude
MASSACHUSETTS INSTITUTE OF TECHNOLOGY (MIT),42.360091,-71.09416
STANFORD UNIVERSITY,37.4274745,-122.169719
HARVARD UNIVERSITY,42.3770029,-71.11666009999999
CALIFORNIA INSTITUTE OF TECHNOLOGY (CALTECH),34.1376576,-118.125269
UNIVERSITY OF OXFORD,51.7548164,-1.2543668
UNIVERSITY OF CAMBRIDGE,52.2042666,0.1149085
ETH ZURICH (SWISS FEDERAL INSTITUTE OF TECHNOLOGY),47.376313,8.547669899999999
IMPERIAL COLLEGE LONDON,51.49879970000001,-0.1748772
UNIVERSITY OF CHICAGO,41.7886079,-87.5987133
UCL (UNIVERSITY COLLEGE LONDON),51.52427530000001,-0.1333603
NATIONAL UNIVERSITY OF SINGAPORE (NUS),1.2966426,103.7763939
NANYANG TECHNOLOGICAL UNIVERSITY (NTU),1.3483099,103.6831347
PRINCETON UNIVERSITY,40.3430942,-74.65507389999999
CORNELL UNIVERSITY,42.4534492,-76.4735027
YALE UNIVERSITY,41.3163244,-72.92234309999999
COLUMBIA UNIVERSITY,40.8075355,-73.9625727
TSINGHUA UNIVERSITY,39.9996674,116.3264439
UNIVERSITY OF EDINBURGH,55.9445158,-3.1892413
UNIVERSITY OF PENNSYLVANIA,39.9522188,-75.1932137
UNIVERSITY OF MICHIGAN,42.2780436,-83.7382241
JOHNS HOPKINS UNIVERSITY,39.3299013,-76.6205177
ÉCOLE POLYTECHNIQUE FÉDÉRALE DE LAUSANNE (EPFL),46.5190557,6.5667576
THE UNIVERSITY OF TOKYO,35.7126775,139.761989
AUSTRALIAN NATIONAL UNIVERSITY (ANU),-35.2776999,149.118527
UNIVERSITY OF HONG KONG (HKU),22.2829989,114.1370848
DUKE UNIVERSITY,36.0014258,-78.9382286
"UNIVERSITY OF CALIFORNIA, BERKELEY (UCB)",37.8718992,-122.2585399
UNIVERSITY OF TORONTO,43.6628917,-79.39565640000001
THE UNIVERSITY OF MANCHESTER,53.4668498,-2.2338837
PEKING UNIVERSITY,39.986913,116.3058739
KING'S COLLEGE LONDON (KCL),51.5114864,-0.115997
"UNIVERSITY OF CALIFORNIA, LOS ANGELES (UCLA)",34.068921,-118.4451811
NORTHWESTERN UNIVERSITY,42.0564594,-87.67526699999999
KYOTO UNIVERSITY,35.0262444,135.7808218
SEOUL NATIONAL UNIVERSITY (SNU),37.459882,126.9519053
THE HONG KONG UNIVERSITY OF SCIENCE AND TECHNOLOGY (HKUST),22.3363998,114.2654655
LONDON SCHOOL OF ECONOMICS AND POLITICAL SCIENCE (LSE),51.5144388,-0.1164513
THE UNIVERSITY OF MELBOURNE,-37.7983459,144.960974
KAIST - KOREA ADVANCED INSTITUTE OF SCIENCE AND TECHNOLOGY,36.3721427,127.36039
"UNIVERSITY OF CALIFORNIA, SAN DIEGO (UCSD)",32.8800604,-117.2340135
THE UNIVERSITY OF SYDNEY,-33.888584,151.1873473
NEW YORK UNIVERSITY (NYU),40.72951339999999,-73.9964609
FUDAN UNIVERSITY,31.2974197,121.5036178
THE UNIVERSITY OF NEW SOUTH WALES (UNSW),-33.917347,151.2312675
CARNEGIE MELLON UNIVERSITY,40.4428081,-79.94301279999999
UNIVERSITY OF BRITISH COLUMBIA,49.26060520000001,-123.2459938
THE UNIVERSITY OF QUEENSLAND (UQ),-27.4975028,153.0136905
THE CHINESE UNIVERSITY OF HONG KONG (CUHK),22.4195827,114.2067604
PSL UNIVERSITY,48.8546601,2.3378212
UNIVERSITY OF BRISTOL,51.4584172,-2.6029792
DELFT UNIVERSITY OF TECHNOLOGY,52.0021256,4.3732982
UNIVERSITY OF WISCONSIN-MADISON,43.076592,-89.4124875
THE UNIVERSITY OF WARWICK,52.3792525,-1.5614704
CITY UNIVERSITY OF HONG KONG,22.3366793,114.1724234
BROWN UNIVERSITY,41.8267718,-71.4025482
UNIVERSITY OF AMSTERDAM,52.35581819999999,4.955726299999999
TOKYO INSTITUTE OF TECHNOLOGY,35.6051229,139.6835302
MONASH UNIVERSITY,-37.9105238,145.1362182
SHANGHAI JIAO TONG UNIVERSITY,31.0252201,121.4337784
TECHNISCHE UNIVERSITÄT MÜNCHEN,48.14966,11.5678602
LUDWIG-MAXIMILIANS-UNIVERSITÄT MÜNCHEN,48.1504827,11.5802362
UNIVERSITY OF TEXAS AT AUSTIN,30.2849185,-97.7340567
RUPRECHT-KARLS-UNIVERSITÄT HEIDELBERG,49.4191402,8.670249199999999
ECOLE POLYTECHNIQUE,48.7142971,2.2112917
UNIVERSITY OF WASHINGTON,47.7589,-122.1906495
OSAKA UNIVERSITY,34.8220139,135.5244676
ZHEJIANG UNIVERSITY,30.30868439999999,120.0864995
GEORGIA INSTITUTE OF TECHNOLOGY (GEORGIA TECH),33.7756178,-84.39628499999999
UNIVERSITY OF GLASGOW,55.87212109999999,-4.288200499999999
UNIVERSITY OF ILLINOIS AT URBANA-CHAMPAIGN,40.1019523,-88.2271615
NATIONAL TAIWAN UNIVERSITY (NTU),25.0173405,121.5397518
UNIVERSIDAD DE BUENOS AIRES,-34.5998875,-58.37306949999999
DURHAM UNIVERSITY,54.7649859,-1.5782029
SORBONNE UNIVERSITY,48.8484556,2.3432774
THE UNIVERSITY OF SHEFFIELD,53.3809409,-1.4879469
TOHOKU UNIVERSITY,38.253834,140.874074
UNIVERSITY OF ZURICH,47.3743221,8.550981199999999
UNIVERSITY OF BIRMINGHAM,52.4508168,-1.9305135
UNIVERSITY OF COPENHAGEN,55.6802303,12.5724096
KATHOLIEKE UNIVERSITEIT LEUVEN,50.87795449999999,4.7002953
THE UNIVERSITY OF NOTTINGHAM,52.938636,-1.1951582
POHANG UNIVERSITY OF SCIENCE AND TECHNOLOGY (POSTECH),36.0138857,129.3231836
"UNIVERSITY OF NORTH CAROLINA, CHAPEL HILL",35.9049122,-79.0469134
THE UNIVERSITY OF AUCKLAND,-36.8523378,174.7691073
KOREA UNIVERSITY,37.590799,127.0277773
RICE UNIVERSITY,29.7173941,-95.40183119999999
UNIVERSITI MALAYA (UM),3.1201011,101.6543993
OHIO STATE UNIVERSITY,40.0068363,-83.0306222
LOMONOSOV MOSCOW STATE UNIVERSITY,55.70393490000001,37.5286696
THE UNIVERSITY OF WESTERN AUSTRALIA (UWA),-31.98006869999999,115.817898
LUND UNIVERSITY,55.7119483,13.203493
BOSTON UNIVERSITY,42.3504997,-71.1053991
UNIVERSITY OF LEEDS,53.8066815,-1.5550328
PENNSYLVANIA STATE UNIVERSITY,40.7982133,-77.8599084
UNIVERSITY OF SOUTHAMPTON,50.9614912,-1.4252228
UNIVERSITY OF ST ANDREWS,56.3417136,-2.7942674
UNIVERSITY OF SCIENCE AND TECHNOLOGY OF CHINA,31.821994,117.28059
EINDHOVEN UNIVERSITY OF TECHNOLOGY,51.44860980000001,5.4907148
PURDUE UNIVERSITY,40.4237054,-86.92119459999999
SUNGKYUNKWAN UNIVERSITY,37.588227,126.993606
"UNIVERSITY OF CALIFORNIA, DAVIS (UCD)",38.5382322,-121.7617125
WASHINGTON UNIVERSITY IN ST. LOUIS,38.6487895,-90.31079620000001
"KTH, ROYAL INSTITUTE OF TECHNOLOGY",59.34980649999999,18.0706646
TRINITY COLLEGE DUBLIN (TCD),53.3437935,-6.254571599999999
THE HONG KONG POLYTECHNIC UNIVERSITY,22.3043097,114.1796242
YONSEI UNIVERSITY,37.565784,126.938572
UNIVERSITY OF GENEVA,46.199444,6.1451157
UNIVERSITY OF ALBERTA,53.5232189,-113.5263186
UNIVERSITY OF HELSINKI,60.1726348,24.9510419
NAGOYA UNIVERSITY,35.1538518,136.9682397
TECHNICAL UNIVERSITY OF DENMARK,55.7855742,12.521381
UNIVERSIDAD NACIONAL AUTÓNOMA DE MÉXICO (UNAM),19.3188895,-99.1843676
THE UNIVERSITY OF ADELAIDE,-34.920603,138.6062277
UNIVERSITY OF SOUTHERN CALIFORNIA,34.0223519,-118.285117
"KIT, KARLSRUHER INSTITUT FÜR TECHNOLOGIE",49.0119199,8.4170303
UPPSALA UNIVERSITY,59.85090049999999,17.6300093
UNIVERSIDADE DE SÃO PAULO (USP),-23.5613991,-46.7307891
QUEEN MARY UNIVERSITY OF LONDON (QMUL),51.5176409,-0.06086569999999999
UNIVERSITY OF GRONINGEN,53.2192634,6.562987199999999
HUMBOLDT-UNIVERSITÄT ZU BERLIN,52.517883,13.3936551
LEIDEN UNIVERSITY,52.1571485,4.485209
NANJING UNIVERSITY,32.0568391,118.7789602
UTRECHT UNIVERSITY,52.0901527,5.1226018
WAGENINGEN UNIVERSITY,51.9845558,5.6657696
KYUSHU UNIVERSITY,33.6266584,130.4250445
"UNIVERSITY OF MARYLAND, COLLEGE PARK",38.9869183,-76.9425543
CHALMERS UNIVERSITY OF TECHNOLOGY,57.6897063,11.9741654
HOKKAIDO UNIVERSITY,43.0779575,141.340013
FREIE UNIVERSITÄT BERLIN,52.45100060000001,13.2816511
LANCASTER UNIVERSITY,54.0103942,-2.7877294
PONTIFICIA UNIVERSIDAD CATÓLICA DE CHILE,-33.4411279,-70.6407933
"UNIVERSITY OF CALIFORNIA, SANTA BARBARA (UCSB)",34.4139629,-119.848947
UNIVERSITY OF YORK,53.9461089,-1.0517718
UNIVERSITY OF OSLO,59.9399586,10.7217496
UNIVERSITY OF PITTSBURGH,40.4443533,-79.960835
CENTRALESUPÉLEC,48.7087594,2.1640062
UNIVERSITY OF GHENT,51.0465619,3.727918099999999
UNIVERSITY OF BERN,46.9504896,7.438119
AALTO UNIVERSITY,60.1866693,24.827682
AARHUS UNIVERSITY,56.1681384,10.2030118
MICHIGAN STATE UNIVERSITY,42.701848,-84.4821719
NEWCASTLE UNIVERSITY,54.9791871,-1.6146608
RHEINISCH-WESTFÄLISCHE TECHNISCHE HOCHSCHULE AACHEN,50.7800778,6.065686899999999
CARDIFF UNIVERSITY,51.48662710000001,-3.1788641
MCMASTER UNIVERSITY,43.260879,-79.9192254
TECHNISCHE UNIVERSITÄT BERLIN,52.5125322,13.3269446
EMORY UNIVERSITY,33.7925195,-84.32399889999999
UNIVERSITÉ DE MONTRÉAL,45.5056156,-73.61375919999999
UNIVERSITY OF LAUSANNE,46.5210895,6.5801606
HANYANG UNIVERSITY,37.5572321,127.0453219
UNIVERSITY OF LIVERPOOL,53.40478239999999,-2.965299
ÉCOLE NORMALE SUPÉRIEURE DE LYON,45.72976569999999,4.8268064
HEBREW UNIVERSITY OF JERUSALEM,31.7945578,35.2414009
UNIVERSITY OF EXETER,50.7371369,-3.5351475
POLITECNICO DI MILANO,45.47809059999999,9.2282377
UNIVERSITY OF MINNESOTA,44.97399,-93.2277285
UNIVERSITY OF BATH,51.3782228,-2.3263987
UNIVERSIDAD AUTÓNOMA DE MADRID,40.5466983,-3.6943619
UNIVERSITY OF BASEL,47.56025349999999,7.5826
UNIVERSITY OF TECHNOLOGY SYDNEY (UTS),-33.8832376,151.2004942
INDIAN INSTITUTE OF TECHNOLOGY BOMBAY (IITB),19.1334302,72.9132679
NATIONAL TSING HUA UNIVERSITY,24.7947253,120.9932316
UNIVERSITY OF WATERLOO,43.4722854,-80.5448576
UNIVERSITÉ CATHOLIQUE DE LOUVAIN (UCL),50.66968749999999,4.6155909
UNIVERSITAT DE BARCELONA (UB),41.386608,2.16402
SCUOLA SUPERIORE SANT'ANNA PISA,43.7209661,10.4027859
EBERHARD KARLS UNIVERSITÄT TÜBINGEN,48.5294782,9.043773999999999
"UNIVERSITY OF CALIFORNIA, IRVINE (UCI)",33.6404952,-117.8442962
INDIAN INSTITUTE OF SCIENCE (IISC) BANGALORE,13.0218597,77.5671423
UNIVERSITY OF BERGEN,60.3878586,5.3217549
INDIAN INSTITUTE OF TECHNOLOGY DELHI (IITD),28.5449756,77.19262839999999
UNIVERSITY OF ABERDEEN,57.16475999999999,-2.1015257
UNIVERSITY OF TWENTE,52.23979740000001,6.8499883
SCUOLA NORMALE SUPERIORE DI PISA,43.719601,10.40033
UNIVERSITÄT WIEN,48.2196989,16.3515215
UNIVERSITY OF OTAGO,-45.8646835,170.5144227
TECNOLÓGICO DE MONTERREY (ITESM),25.6515649,-100.28954
ERASMUS UNIVERSITY ROTTERDAM,51.91752,4.525585
QUEEN'S UNIVERSITY OF BELFAST,54.5844087,-5.9340493
UNIVERSITÀ DI BOLOGNA (UNIBO),44.4962318,11.354157
UNIVERSITY OF FLORIDA,29.6436325,-82.3549302
DARTMOUTH COLLEGE,43.7044406,-72.2886935
UNIVERSITI KEBANGSAAN MALAYSIA (UKM),3.1681251,101.7005373
UNIVERSITY OF ROCHESTER,43.1305531,-77.6260033
CASE WESTERN RESERVE UNIVERSITY,41.5043413,-81.6083838
UNIVERSITÄT FREIBURG,47.9935441,7.845949599999999
VRIJE UNIVERSITEIT BRUSSEL (VUB),50.821658,4.394886
KING FAHD UNIVERSITY OF PETROLEUM & MINERALS (KFUPM),26.3048047,50.1498042
UNIVERSITY OF COLORADO AT BOULDER,40.00758099999999,-105.2659417
TECHNISCHE UNIVERSITÄT DRESDEN,51.02927340000001,13.7289964
UNIVERSITY OF VIRGINIA,38.0335529,-78.5079772
UNIVERSITAT AUTÓNOMA DE BARCELONA,41.5019255,2.1048538
UNIVERSITY COLLEGE DUBLIN (UCD),53.30823119999999,-6.224133
UNIVERSITY OF READING,51.4414205,-0.9418157
VANDERBILT UNIVERSITY,36.1447034,-86.8026551
GEORG-AUGUST-UNIVERSITÄT GÖTTINGEN,51.5408116,9.9374005
KEIO UNIVERSITY,35.6489643,139.7429376
TECHNISCHE UNIVERSITÄT WIEN,48.1986546,16.3684626
STOCKHOLM UNIVERSITY,59.3621737,18.057831
UNIVERSITY OF CAPE TOWN,-33.95762680000001,18.4593354
UNIVERSITI PUTRA MALAYSIA (UPM),2.9931517,101.7158722
TEXAS A&M UNIVERSITY,30.618531,-96.33649899999999
RADBOUD UNIVERSITY NIJMEGEN,51.81670099999999,5.865272
UNIVERSIDADE ESTADUAL DE CAMPINAS (UNICAMP),-22.8184393,-47.0647206
UNIVERSIDAD COMPLUTENSE DE MADRID (UCM),40.4454368,-3.7299424
UNIVERSITI SAINS MALAYSIA (USM),5.1538434,100.4926583
NATIONAL CHIAO TUNG UNIVERSITY,24.7883959,120.999509
UNIVERSIDAD DE CHILE,-33.4445204,-70.6509277
WASEDA UNIVERSITY,35.7087334,139.7196485
MAASTRICHT UNIVERSITY,50.8471422,5.686401699999999
ARIZONA STATE UNIVERSITY,33.4242399,-111.9280527
UNIVERSITY OF NOTRE DAME,41.7055716,-86.2353388
"UNIVERSITY OF ILLINOIS, CHICAGO (UIC)",41.8697938,-87.6496336
UNIVERSITY OF NEWCASTLE,-32.8927718,151.7041775
WESTERN UNIVERSITY,43.0095971,-81.2737336
SAPIENZA - UNIVERSITÀ DI ROMA,41.9037626,12.5144384
LOUGHBOROUGH UNIVERSITY,52.7650814,-1.2320534
UNIVERSITY OF WOLLONGONG,-34.4054039,150.87843
AL-FARABI KAZAKH NATIONAL UNIVERSITY,43.2252358,76.92191869999999
SCIENCES PO PARIS,48.8540917,2.3283745
VICTORIA UNIVERSITY OF WELLINGTON,-41.2904017,174.7686615
UNIVERSITÄT HAMBURG,53.5665641,9.984619499999999
UNIVERSITY OF ANTWERP,51.2228097,4.4102318
UNIVERSITY OF LEICESTER,52.6211393,-1.1246325
GEORGETOWN UNIVERSITY,38.9076089,-77.07225849999999
UNIVERSITY OF SUSSEX,50.86708950000001,-0.08791399999999999
UNIVERSITI TEKNOLOGI MALAYSIA (UTM),2.149223,102.7721509
UNIVERSITY OF CALGARY,51.0775908,-114.140695
TEL AVIV UNIVERSITY,32.1133141,34.8043877
KING ABDUL AZIZ UNIVERSITY (KAU),21.494102,39.232617
UNIVERSITY OF CANTERBURY,-43.5235375,172.5839233
VRIJE UNIVERSITEIT AMSTERDAM,52.3337568,4.8657199
NATIONAL CHENG KUNG UNIVERSITY,22.9988416,120.2195148
SAINT-PETERSBURG STATE UNIVERSITY,59.941894,30.2989199
ROYAL HOLLOWAY UNIVERSITY OF LONDON,51.425673,-0.5630625
AMERICAN UNIVERSITY OF BEIRUT (AUB),33.9008359,35.480744
TUFTS UNIVERSITY,42.4074843,-71.1190232
QUEEN'S UNIVERSITY,44.2252795,-76.49514119999999
UNIVERSITÉ LIBRE DE BRUXELLES (ULB),50.8132068,4.3822222
UNIVERSITÉ PARIS-SUD 11,48.6976847,2.1764839
UNIVERSIDAD DE NAVARRA,42.8014994,-1.6597421
UNIVERSITY OF MIAMI,25.7216374,-80.2792805
NOVOSIBIRSK STATE UNIVERSITY,54.8477462,83.0943884
QUEENSLAND UNIVERSITY OF TECHNOLOGY (QUT),-27.477357,153.028415
UNIVERSITY OF ARIZONA,32.2318851,-110.9501094
TECHNION - ISRAEL INSTITUTE OF TECHNOLOGY,32.7767783,35.0231271
UNIVERSITY OF SURREY,51.2427533,-0.5877755
UNIVERSITÀ DEGLI STUDI DI PADOVA (UNIPD),45.406766,11.8774462
CURTIN UNIVERSITY,-32.0061951,115.8944182
MACQUARIE UNIVERSITY,-33.77382370000001,151.1126498
RMIT UNIVERSITY,-37.809286,144.9644092
TECHNISCHE UNIVERSITÄT DARMSTADT,49.8748277,8.6563281
UNIVERSIDAD CARLOS III DE MADRID,40.3325323,-3.7653171
RHEINISCHE FRIEDRICH-WILHELMS-UNIVERSITÄT BONN,50.7267715,7.0865227
KING SAUD UNIVERSITY (KSU),24.7239539,46.6316125
NATIONAL TAIWAN UNIVERSITY OF SCIENCE AND TECHNOLOGY,25.0136906,121.5406792
WUHAN UNIVERSITY,30.5360485,114.3643219
"UNIVERSITY OF MASSACHUSETTS, AMHERST",42.3867598,-72.5300515
"NATIONAL UNIVERSITY OF IRELAND, GALWAY (NUIG)",53.2770243,-9.0614864
UNIVERSITÄT STUTTGART,48.78164719999999,9.1724985
UNIVERSITY OF TSUKUBA,36.1088927,140.1038105
ECOLE DES PONTS PARISTECH,48.84057900000001,2.586968
INDIAN INSTITUTE OF TECHNOLOGY MADRAS (IITM),12.9914929,80.2336907
KYUNG HEE UNIVERSITY,37.5961951,127.052544
SIMON FRASER UNIVERSITY,49.2780937,-122.9198833
UNIVERSITY OF SOUTH AUSTRALIA (UNISA),-34.9201652,138.6066669
UNIVERSITY OF STRATHCLYDE,55.862122,-4.2422851
UNIVERSITY OF EAST ANGLIA (UEA),52.6219215,1.2391761
UNIVERSITY OF GOTHENBURG,57.6981719,11.971878
CHULALONGKORN UNIVERSITY,13.7397319,100.530832
UNIVERSIDAD DE LOS ANDES COLOMBIA,4.6017869,-74.0660769
UNIVERSITY OF DUNDEE,56.45824469999999,-2.9821428
UNIVERSITY OF WAIKATO,-37.7868611,175.3184579
UNIVERSIDAD NACIONAL DE COLOMBIA,4.6381938,-74.08404639999999
UNIVERSITAT POLITÈCNICA DE CATALUNYA,41.388004,2.1132804
HONG KONG BAPTIST UNIVERSITY (HKBU),22.3386388,114.1819316
TOMSK STATE UNIVERSITY,56.4694917,84.9478675
DALHOUSIE UNIVERSITY,44.63658119999999,-63.59165549999999
NORTH CAROLINA STATE UNIVERSITY,35.7755001,-78.67339659999999
UNIVERSITÄT FRANKFURT AM MAIN,50.1270675,8.6677635
UNIVERSITÄT INNSBRUCK,47.26335419999999,11.3838006
INDIAN INSTITUTE OF TECHNOLOGY KANPUR (IITK),26.5123388,80.2329
"RUTGERS - THE STATE UNIVERSITY OF NEW JERSEY, NEW BRUNSWICK",40.5008186,-74.44739910000001
HARBIN INSTITUTE OF TECHNOLOGY,45.7470436,126.6334306
UNIVERSITY OF TURKU,60.4562974,22.2851138
UNIVERSITY OF TASMANIA,-42.9036462,147.325848
"SOAS - SCHOOL OF ORIENTAL AND AFRICAN STUDIES, UNIVERSITY OF LONDON",51.52235,-0.129259
UNIVERSITÉ GRENOBLE-ALPES (UGA),45.1914198,5.7672724
UNIVERSITY OF OTTAWA,45.42310639999999,-75.68313289999999
TONGJI UNIVERSITY,31.2627211,121.4598975
BEIJING NORMAL UNIVERSITY,39.9619537,116.3662615
NATIONAL YANG MING UNIVERSITY,25.123002,121.513702
UNIVERSITY OF INDONESIA,-6.3627638,106.8270482
INDIAN INSTITUTE OF TECHNOLOGY KHARAGPUR (IITKGP),22.3149274,87.31053109999999
SUN YAT-SEN UNIVERSITY,23.0965384,113.298883
UNIVERSITÉ PARIS DIDEROT - PARIS 7,48.8529498,2.3628863
UNIVERSITAT POMPEU FABRA,41.3789689,2.179794100000001
BAUMAN MOSCOW STATE TECHNICAL UNIVERSITY,55.7659244,37.6855946
UNIVERSITÄT ERLANGEN-NÜRNBERG,49.5978804,11.0045507
UNIVERSITÉ PARIS 1 PANTHÉON-SORBONNE,48.8469373,2.344468
HERIOT-WATT UNIVERSITY,55.9096602,-3.3203494
LINKÖPING UNIVERSITY,58.3978364,15.5760072
ECOLE NORMALE SUPÉRIEURE DE CACHAN,48.78871909999999,2.3272147
"BIRKBECK COLLEGE, UNIVERSITY OF LONDON",51.5219696,-0.1300479
UNIVERSITÄT KÖLN,50.9281625,6.9288193
NATIONAL TAIWAN NORMAL UNIVERSITY,25.0260598,121.5275321
DEAKIN UNIVERSITY,-38.1438148,144.3601864
UNIVERSIDAD POLITECNICA DE VALENCIA,39.4796686,-0.3458847
YESHIVA UNIVERSITY,40.85067249999999,-73.9295149
MOSCOW INSTITUTE OF PHYSICS AND TECHNOLOGY STATE UNIVERSITY,55.9297243,37.5199434
UNIVERSITY AT BUFFALO SUNY,43.0008093,-78.7889697
XI'AN JIAOTONG UNIVERSITY,34.250803,108.983693
GWANGJU INSTITUTE OF SCIENCE AND TECHNOLOGY (GIST),35.2265288,126.839987
KHALIFA UNIVERSITY,24.4473556,54.3949088
CHARLES UNIVERSITY,50.0871106,14.4234889
LINCOLN UNIVERSITY,-43.6436854,172.4677741
EWHA WOMANS UNIVERSITY,37.5597476,126.9455228
TILBURG UNIVERSITY,51.5631406,5.0419736
HIROSHIMA UNIVERSITY,34.4020801,132.7138618
UNIVERSITY OF TARTU,58.3810843,26.7198659
INDIANA UNIVERSITY BLOOMINGTON,39.1754487,-86.512627
UNIVERSITY OF BRUNEI DARUSSALAM,4.972665,114.89397
UNIVERSITÀ DEGLI STUDI DI MILANO,45.4601435,9.194584299999999
NORTHEASTERN UNIVERSITY,42.3398067,-71.0891717
UNIVERSITÄT JENA,50.9295513,11.5898195
UNIVERSITY OF PORTO,41.1465479,-8.6156998
"NATIONAL RESEARCH NUCLEAR UNIVERSITY ""MEPHI"" (MOSCOW ENGINEERING PHYSICS INSTITUTE)",55.649567,37.6638742
WESTFÄLISCHE WILHELMS-UNIVERSITÄT MÜNSTER,51.9645825,7.6139843
BRUNEL UNIVERSITY,51.5324044,-0.4729931
MASSEY UNIVERSITY,-36.7323894,174.7027411
QATAR UNIVERSITY,25.377281,51.49117099999999
UNIVERSITÄT ULM,48.4222305,9.955582
"UNIVERSITY OF CALIFORNIA, SANTA CRUZ (UCSC)",36.9880503,-122.0582093
UNIVERSITY OF JYVÄSKYLÄ,62.23653170000001,25.7316336
NANKAI UNIVERSITY,39.10394429999999,117.1742232
UMEÅ UNIVERSITY,63.82022240000001,20.3054461
UNIVERSITÄT MANNHEIM,49.48371059999999,8.4622333
UNIVERSITY COLLEGE CORK (UCC),51.89211239999999,-8.493267099999999
VIRGINIA POLYTECHNIC INSTITUTE (VIRGINIA TECH),37.22838429999999,-80.42341669999999
AALBORG UNIVERSITY,57.0145665,9.9818527
NATIONAL RESEARCH UNIVERSITY - HIGHER SCHOOL OF ECONOMICS (HSE),55.80343019999999,37.4099802
GEORGE WASHINGTON UNIVERSITY,38.8997145,-77.0485992
RENSSELAER POLYTECHNIC INSTITUTE,42.730172,-73.67880300000002
UNIVERSITY OF UTAH,40.7649368,-111.8421021
UNIVERSITÉ DE STRASBOURG,48.5790692,7.766454499999999
STONY BROOK UNIVERSITY,40.9123761,-73.1233889
UNITED ARAB EMIRATES UNIVERSITY,24.200588,55.67603399999999
CITY UNIVERSITY LONDON,51.5278249,-0.1025445
KOBE UNIVERSITY,34.7257018,135.2336432
TOKYO MEDICAL AND DENTAL UNIVERSITY,35.7014781,139.7642268
BELARUS STATE UNIVERSITY,53.8938988,27.5460609
MOSCOW STATE INSTITUTE OF INTERNATIONAL RELATIONS – MGIMO UNIVERSITY,55.6728244,37.4846619
UNIVERSITY OF ESSEX,51.87772589999999,0.9472069000000001
UNIVERSITY OF KENT,51.297233,1.0632172
UNIVERSITY OF LISBON,38.7526578,-9.158244999999999
BANDUNG INSTITUTE OF TECHNOLOGY (ITB),-6.89148,107.6106591
UNIVERSITY OF VICTORIA,48.4634067,-123.3116935
UNIVERSIDADE FEDERAL DO RIO DE JANEIRO,-22.9541412,-43.1753638
TAIPEI MEDICAL UNIVERSITY,25.025354,121.561618
NORWEGIAN UNIVERSITY OF SCIENCE AND TECHNOLOGY,63.41949899999999,10.4020771
OXFORD BROOKES UNIVERSITY,51.755011,-1.224225
TECHNISCHE UNIVERSITÄT GRAZ,47.0691371,15.4503154
TAMPERE UNIVERSITY OF TECHNOLOGY,61.44897999999999,23.8590618
UNIVERSIDAD AUSTRAL,-34.455733,-58.859075
UNIVERSITY OF KANSAS,38.9543439,-95.2557961
JAMES COOK UNIVERSITY (JCU),-19.3276927,146.7565073
PONTIFICIA UNIVERSIDAD CATÓLICA ARGENTINA SANTA MARÍA DE LOS BUENOS AIRES (UCA),-34.61645740000001,-58.3657194
UNIVERSITY OF TROMSO,69.679788,18.9710079
RUHR-UNIVERSITÄT BOCHUM,51.44566589999999,7.261609300000001
TOMSK POLYTECHNIC UNIVERSITY,56.46524849999999,84.94968229999999
UNIVERSITY OF CONNECTICUT,41.8077414,-72.2539805
UNIVERSITY OF ST GALLEN (HSG),47.4321575,9.3755673
AMERICAN UNIVERSITY OF SHARJAH,25.3120502,55.4927023
BOSTON COLLEGE,42.3355488,-71.16849450000001
UNIVERSITY OF OULU,65.0593177,25.4662935
UNIVERSITY OF SOUTHERN DENMARK,55.3689827,10.4282364
MAHIDOL UNIVERSITY,13.7945775,100.3234171
ASTON UNIVERSITY,52.4868584,-1.8882174
INDIAN INSTITUTE OF TECHNOLOGY ROORKEE (IITR),29.8648599,77.89657869999999
UNIVERSITY OF THE WITWATERSRAND,-26.1916888,28.0327614
UNIVERSIDAD DE BELGRANO,-34.5639014,-58.4438185
"UNIVERSITY OF CALIFORNIA, RIVERSIDE (UCR)",33.9737055,-117.3280644
UNIVERSITY OF THE PHILIPPINES,14.5979292,121.0107556
HUFS – HANKUK (KOREA) UNIVERSITY OF FOREIGN STUDIES,37.597319,127.057843
POLITECNICO DI TORINO,45.0303312,7.618613000000001
SWINBURNE UNIVERSITY OF TECHNOLOGY,-37.8221504,145.0389546
WAKE FOREST UNIVERSITY,36.1340985,-80.2778951
UNIVERSITAS GADJAH MADA,-7.7713847,110.3774998
UNIVERSITY OF LIEGE,50.5830803,5.559063999999999
WASHINGTON STATE UNIVERSITY,46.7319225,-117.1542121
L.N. GUMILYOV EURASIAN NATIONAL UNIVERSITY,51.157963,71.46741709999999
UNIVERSITY OF WARSAW,52.2403463,21.0186012
"GOLDSMITHS, UNIVERSITY OF LONDON",51.47427099999999,-0.035408
CHUNG-ANG UNIVERSITY,37.5050881,126.9571012
LA TROBE UNIVERSITY,-37.7206671,145.048414
PAKISTAN INSTITUTE OF ENGINEERING AND APPLIED SCIENCES (PIEAS),33.6562076,73.2643987
UNIVERSITÄT KONSTANZ,47.689426,9.1868777
UNIVERSITY OF COLORADO AT DENVER,39.7463596,-105.002342
LAVAL UNIVERSITY,46.78174629999999,-71.2747424
NATIONAL SUN YAT-SEN UNIVERSITY,22.628388,120.264737
PETER THE GREAT ST.PETERSBURG POLYTECHNIC UNIVERSITY,60.007357,30.372899
STELLENBOSCH UNIVERSITY,-33.9328078,18.864447
UNIVERSIDADE NOVA DE LISBOA,38.733682,-9.160333
BEN GURION UNIVERSITY OF THE NEGEV,31.262218,34.801461
JOHANNES GUTENBERG UNIVERSITÄT MAINZ,49.9926403,8.241555199999999
UNIVERSIDAD EXTERNADO DE COLOMBIA,4.595356199999999,-74.0685881
UNIVERSITY OF COIMBRA,40.2089072,-8.424150899999999
JAGIELLONIAN UNIVERSITY,50.0609623,19.9341074
TULANE UNIVERSITY,29.9407282,-90.12031669999999
UNIVERSIDAD DE ZARAGOZA,41.6420639,-0.9015065
URAL FEDERAL UNIVERSITY,56.8404249,60.6161195
HUAZHONG UNIVERSITY OF SCIENCE AND TECHNOLOGY,30.508964,114.410577
NATIONAL CENTRAL UNIVERSITY,24.9679966,121.1922029
NATIONAL UNIVERSITY OF SCIENCES AND TECHNOLOGY (NUST) ISLAMABAD,33.6426205,72.992905
UNIVERSITY OF STIRLING,56.1454119,-3.9205713
UNIVERSITY OF TENNESSEE,35.9544013,-83.92945639999999
AMERICAN UNIVERSITY IN CAIRO,30.018923,31.499674
UNIVERSIDAD DE PALERMO,-34.5972377,-58.4159956
DUBLIN CITY UNIVERSITY (DCU),53.3860938,-6.2563686
SHANGHAI UNIVERSITY,31.31480359999999,121.382746
UNIVERSITÀ DI PISA,43.7167235,10.3988593
UNIVERSITÉ DE MONTPELLIER,43.6316206,3.8634485
ILLINOIS INSTITUTE OF TECHNOLOGY,41.8348731,-87.6270059
UNIVERSITÀ DEGLI STUDI DI TRENTO,46.0667967,11.1231165
UNIVERSITY OF TEXAS DALLAS,32.9857619,-96.7500993
BRANDEIS UNIVERSITY,42.3654796,-71.2587009
CHANG GUNG UNIVERSITY,25.0334479,121.3874856
THE UNIVERSITY OF GEORGIA,33.9480053,-83.3773221
ABERYSTWYTH UNIVERSITY,52.4177914,-4.0638842
DONGGUK UNIVERSITY,37.558254,127.00015
SHARIF UNIVERSITY OF TECHNOLOGY,35.7036366,51.351593
BANGOR UNIVERSITY,53.2295205,-4.1299873
SOGANG UNIVERSITY,37.5509442,126.9410023
SWANSEA UNIVERSITY,51.6092184,-3.9799524
UNIVERSITY OF IOWA,41.6626963,-91.5548998
KAZAN FEDERAL UNIVERSITY,55.790447,49.1214349
UNIVERSITY OF DELAWARE,39.6779504,-75.7506114
WAYNE STATE UNIVERSITY,42.3591388,-83.06654619999999
UNIVERSITI TEKNOLOGI BRUNEI,4.977357599999999,114.8999212
BOND UNIVERSITY,-28.0730934,153.4166377
TIANJIN UNIVERSITY,39.061004,117.142023
UNIVERSITY OF MACAU,22.130002,113.5457795
NATIONAL TECHNICAL UNIVERSITY OF ATHENS,37.9877159,23.7318586
RUDN UNIVERSITY,55.6505192,37.5019844
KING KHALID UNIVERSITY,18.2477261,42.5610112
KOÇ UNIVERSITY,41.2053107,29.0724578
COLORADO STATE UNIVERSITY,40.573436,-105.0865473
OREGON STATE UNIVERSITY,44.5637806,-123.2794443
SULTAN QABOOS UNIVERSITY,23.5909657,58.17303219999999
CHRISTIAN-ALBRECHTS-UNIVERSITÄT ZU KIEL,54.3460549,10.1147022
UNIVERSITÉ AIX-MARSEILLE,43.29362099999999,5.358066
"UNIVERSITY OF MARYLAND, BALTIMORE COUNTY",39.2556759,-76.7109674
BILKENT UNIVERSITY,39.8746147,32.7475962
HITOTSUBASHI UNIVERSITY,35.6944035,139.4454577
JOHANNES KEPLER UNIVERSITÄT LINZ (JKU),48.336614,14.319305
THE CATHOLIC UNIVERSITY OF KOREA,37.5859218,127.0043275
YOKOHAMA CITY UNIVERSITY,35.333358,139.6179662
CLARK UNIVERSITY,42.2520314,-71.8234038
UNIVERSITÄT DES SAARLANDES,49.2550284,7.040975
UNIVERSITY OF SASKATCHEWAN,52.1334003,-106.6313582
AUCKLAND UNIVERSITY OF TECHNOLOGY,-36.8532194,174.7673188
BEIJING INSTITUTE OF TECHNOLOGY,39.9603704,116.3123886
CHIBA UNIVERSITY,35.6278093,140.1035063
CONCORDIA UNIVERSITY,45.4945643,-73.5773775
KAZAKH NATIONAL TECHNICAL UNIVERSITY AFTER K.I.SATPAYEV,43.23644549999999,76.9297115
UNIVERSIDADE FEDERAL DE SÃO PAULO (UNIFESP),-23.6835626,-46.628638
UNIVERSIDAD POLITÉCNICA DE MADRID,40.4486372,-3.7192798
UNIVERSITY OF SZEGED,46.2473322,20.1476209
FLORIDA STATE UNIVERSITY,30.4418778,-84.2984889
INDIAN INSTITUTE OF TECHNOLOGY GUWAHATI (IITG),26.187859,91.6915834
UNIVERSITÀ DEGLI STUDI DI NAPOLI FEDERICO II,40.845492,14.2578058
JILIN UNIVERSITY,43.82572,125.2850161
"NATIONAL UNIVERSITY OF SCIENCE AND TECHNOLOGY ""MISIS""",55.7284221,37.6090764
XIAMEN UNIVERSITY,24.4373484,118.097855
FLINDERS UNIVERSITY,-35.0244952,138.5713281
INSTITUT NATIONAL DES SCIENCES APPLIQUÉES DE LYON (INSA),45.7833244,4.8781984
M.O.AUEZOV SOUTH KAZAKHSTAN STATE UNIVERSITY,42.3204206,69.590828
KAZAKH NATIONAL PEDAGOGICAL UNIVERSITY ABAI,43.256325,76.95518299999999
UCSI UNIVERSITY,3.0792365,101.7326034
UNIVERSIDAD DE ALCALÁ,40.4824722,-3.3628674
UNIVERSITY OF EASTERN FINLAND,62.896172,27.6413947
V.N. KARAZIN KHARKIV NATIONAL UNIVERSITY,50.004537,36.228139
YORK UNIVERSITY,43.7734535,-79.50186839999999
UNIVERSITY OF DELHI,28.6886406,77.2095641
VILNIUS UNIVERSITY,54.6825757,25.2876469
IOWA STATE UNIVERSITY,42.0266187,-93.6464654
UNIVERSITÉ DE BORDEAUX,44.8086048,-0.5935827
BEIHANG UNIVERSITY,39.980932,116.353453
"UNIVERSIDADE ESTADUAL PAULISTA ""JÚLIO DE MESQUITA FILHO""",-23.5479195,-46.6409507
UNIVERSITÀ CATTOLICA DEL SACRO CUORE,45.4635285,9.1741155
UNIVERSITY OF NEW MEXICO,35.0843187,-106.6197812
UNIVERSIDAD DE GRANADA,37.1839398,-3.6010182
UNIVERSITÄT HOHENHEIM,48.7117184,9.211793
UNIVERSITY OF OKLAHOMA,35.2058936,-97.4457137
AMIRKABIR UNIVERSITY OF TECHNOLOGY,35.70335430000001,51.40918
WESTERN SYDNEY UNIVERSITY,-33.8453759,151.0710894
SINGAPORE MANAGEMENT UNIVERSITY,1.2962727,103.8501578
TECHNISCHE UNIVERSITÄT BRAUNSCHWEIG,52.27398729999999,10.5289182
UNIVERSITÉ SAINT-JOSEPH DE BEYROUTH,33.8804164,35.5143022
UNIVERSITY OF SCIENCE AND TECHNOLOGY BEIJING,39.989458,116.356945
DREXEL UNIVERSITY,39.9566127,-75.18994409999999
EAST CHINA NORMAL UNIVERSITY,31.227667,121.406829
HOWARD UNIVERSITY,38.9226843,-77.0194377
LEHIGH UNIVERSITY,40.6048687,-75.3775187
NATIONAL RESEARCH SARATOV STATE UNIVERSITY,51.53883039999999,46.0102597
PUSAN NATIONAL UNIVERSITY,35.2335123,129.0810047
SABANCI UNIVERSITY,40.8900895,29.3747953
UNIVERSIDAD DE COSTA RICA,9.936995099999999,-84.0510292
UNIVERSITÀ DEGLI STUDI DI FIRENZE (UNIFI),43.7776426,11.259765
UNIVERSITY OF ULSAN,35.5437411,129.2562843
ITMO UNIVERSITY,59.95723390000001,30.3081695
KUMAMOTO UNIVERSITY,32.8151827,130.727428
OKAYAMA UNIVERSITY,34.6871111,133.9222061
SOUTHEAST UNIVERSITY,32.055981,118.79421
UNIVERSIDAD DE LA HABANA,23.1368405,-82.3815061
UNIVERSIDAD DE SANTIAGO DE CHILE (USACH),-33.4495902,-70.6801949
UNIVERSITÁ DEGLI STUDI DI ROMA - TOR VERGATA,41.8520309,12.6289995
UNIVERSITÄT BREMEN,53.10675800000001,8.852039999999999
UNIVERSITY OF LIMERICK (UL),52.672582,-8.57676
CAIRO UNIVERSITY,30.0227646,31.2073201
JULIUS-MAXIMILIANS-UNIVERSITÄT WÜRZBURG,49.7881814,9.93526
LAPPEENRANTA UNIVERSITY OF TECHNOLOGY,61.06492609999999,28.0939882
NAGASAKI UNIVERSITY,32.785253,129.863167
PONTIFICIA UNIVERSIDAD JAVERIANA,4.6284578,-74.06490769999999
RENMIN (PEOPLE’S) UNIVERSITY OF CHINA,39.9696062,116.3188145
UNIVERSITÉ PAUL SABATIER TOULOUSE III,43.5619687,1.4700537
UNIVERSITI TEKNOLOGI PETRONAS (PETRONAS),4.383642399999999,100.971438
UNIVERSITY OF SOUTH FLORIDA,28.0587031,-82.41385389999999
ABO AKADEMI UNIVERSITY,60.45098689999999,22.2776003
CZECH TECHNICAL UNIVERSITY IN PRAGUE,50.1030364,14.3912841
EAST CHINA UNIVERSITY OF SCIENCE AND TECHNOLOGY,31.140897,121.425248
NEW SCHOOL UNIVERSITY,40.7355074,-73.9942686
PONTIFICIA UNIVERSIDADE CATÓLICA DE SÃO PAULO (PUC-SP),-23.5380275,-46.6709979
SOUTHERN FEDERAL UNIVERSITY,47.224719,39.728334
TARAS SHEVCHENKO NATIONAL UNIVERSITY OF KYIV,50.4420868,30.5104023
UNIVERSIDAD DE MONTEVIDEO,-34.8979585,-56.1603831
UNIVERSITÉ PANTHÉON-ASSAS (PARIS 2),48.8433032,2.3334127
UNIVERSITY OF AVEIRO,40.6303024,-8.657506
UNIVERSITY OF VERMONT,44.4778528,-73.1964637
AMERICAN UNIVERSITY,38.9374948,-77.08880289999999
FAR EASTERN FEDERAL UNIVERSITY,43.117401,131.8925419
OSAKA CITY UNIVERSITY,34.5922806,135.5051119
SHANDONG UNIVERSITY,36.64893,117.029014
SOUTH CHINA UNIVERSITY OF TECHNOLOGY,23.151326,113.344683
UMM AL-QURA UNIVERSITY (UQU),21.3298361,39.9488891
UNIVERSITAT RAMON LLULL,41.411921,2.13122
UNIVERSITÉ DU QUÉBEC,48.23057379999999,-79.0082905
UNIVERSITY OF CINCINNATI,39.1329219,-84.51495039999999
INHA UNIVERSITY,37.4500221,126.653488
JUSTUS-LIEBIG-UNIVERSITÄT GIEßEN,50.5804673,8.6771403
LEIBNIZ UNIVERSITÄT HANNOVER,52.3829641,9.7196989
MIDDLE EAST TECHNICAL UNIVERSITY,39.8910203,32.7780027
PONTIFICIA UNIVERSIDAD CATÓLICA DEL PERÚ,-12.069512,-77.0793592
QUAID-I-AZAM UNIVERSITY,33.747648,73.13812100000001
SYRACUSE UNIVERSITY,43.0391534,-76.1351158
UNIVERSITY OF JOHANNESBURG,-26.1869922,28.0143522
UNIVERSITY OF KENTUCKY,38.0306511,-84.5039697
UNIVERSITY OF NEBRASKA,40.8201966,-96.70047629999999
AMERICAN UNIVERSITY IN DUBAI,25.091209,55.1560728
ARISTOTLE UNIVERSITY OF THESSALONIKI,40.6308283,22.9592224
INDIANA UNIVERSITY-PURDUE UNIVERSITY INDIANAPOLIS,39.7738832,-86.1763393
KANAZAWA UNIVERSITY,36.5454425,136.7077503
KARL-FRANZENS-UNIVERSITÄT GRAZ,47.0777872,15.4499126
MARTIN-LUTHER-UNIVERSITÄT HALLE-WITTENBERG,51.4861319,11.9695315
NATIONAL TAIPEI UNIVERSITY OF TECHNOLOGY,25.0422329,121.5354974
UNIVERSITAT DE VALÈNCIA,39.4793254,-0.3593863
UNIVERSITY OF PRETORIA,-25.7545492,28.2314476
UNIVERSITY OF SOUTH CAROLINA AT COLUMBIA,33.9937575,-81.0299186
BOĞAZIÇI ÜNIVERSITESI,41.0847571,29.0510399
CHONBUK NATIONAL UNIVERSITY,35.8441821,127.1292777
COVENTRY UNIVERSITY,52.4071747,-1.5037461
DALIAN UNIVERSITY OF TECHNOLOGY,38.880381,121.529021
MASARYK UNIVERSITY,49.19862990000001,16.605384
SARAJEVO SCHOOL OF SCIENCE AND TECHNOLOGY,43.8238535,18.3084046
TOKYO UNIVERSITY OF AGRICULTURE AND TECHNOLOGY,35.683648,139.4836492
UNIVERSITÀ DEGLI STUDI DI TORINO (UNITO),45.06942799999999,7.6889006
UNIVERSITÄT REGENSBURG,48.9992339,12.0931658
UNIVERSITÉ PARIS DESCARTES,48.8512215,2.3408287
COLLEGE OF WILLIAM & MARY,37.271674,-76.71337799999999
IMAM ABDULRAHMAN BIN FAISAL UNIVERSITY (IAU) (FORMERLY UNIVERSITY OF DAMMAM),26.3921608,50.1894618
INSTITUTO TECNOLÓGICO DE BUENOS AIRES (ITBA),-34.6031933,-58.36778529999999
KONKUK UNIVERSITY,37.5407625,127.0793428
UNIVERSIDAD ANAHUAC,19.4062412,-99.26036619999999
UNIVERSIDADE DE SANTIAGO DE COMPOSTELA,42.8885225,-8.5449726
UNIVERSITÀ DEGLI STUDI DI PAVIA (UNIPV),45.1867055,9.1568417
UNIVERSITÄT LEIPZIG,51.3385738,12.3784615
UNIVERSITY OF GUELPH,43.5328929,-80.2262444
"UNIVERSITY OF MASSACHUSETTS, BOSTON",42.3144915,-71.0373279
UNIVERSITY OF OREGON,44.0448302,-123.0726055
VILNIUS GEDIMINAS TECHNICAL UNIVERSITY,54.7224678,25.3376688
HALLYM UNIVERSITY,37.8862292,127.7377722
"KINGSTON UNIVERSITY, LONDON",51.4291912,-0.26421
MICHIGAN TECHNOLOGICAL UNIVERSITY,47.11677479999999,-88.54602179999999
MURDOCH UNIVERSITY,-32.0665135,115.8358313
UNIVERSIDAD DE SALAMANCA,40.9613376,-5.666925099999999
UNIVERSIDAD DE SAN ANDRÉS,-34.44612,-58.529949
UNIVERSITY OF BALAMAND,34.3643747,35.7836648
UNIVERSITY OF BRADFORD,53.7915488,-1.7662402
UNIVERSITY OF HULL,53.773162,-0.3677464
UNIVERSITY OF HYDERABAD,17.4567372,78.32638399999999
"UNIVERSITY OF MISSOURI, COLUMBIA",38.9403808,-92.32773750000001
UNIVERSITY OF MONS,50.4587714,3.9521652
ALTAI STATE UNIVERSITY,53.3482087,83.77578779999999
BAR-ILAN UNIVERSITY,32.0691989,34.8430876
CENTRAL QUEENSLAND UNIVERSITY,-23.3264685,150.5189408
CITY UNIVERSITY OF NEW YORK,40.8732506,-73.8936744
CLARKSON UNIVERSITY,44.66376109999999,-74.998544
IRAN UNIVERSITY OF SCIENCE AND TECHNOLOGY,35.742474,51.5023103
JADAVPUR UNIVERSITY,22.4978411,88.3717181
KAGOSHIMA UNIVERSITY,31.5701295,130.5445715
KEELE UNIVERSITY,53.00343729999999,-2.272053000000001
LANZHOU UNIVERSITY,36.0477699,103.8585624
LEBANESE AMERICAN UNIVERSITY,33.8929019,35.4778571
LINGNAN UNIVERSITY (HONG KONG),22.40994,113.983212
LOBACHEVSKY STATE UNIVERSITY OF NIZHNI NOVGOROD,56.29867609999999,43.9810714
NATIONAL CHENGCHI UNIVERSITY,24.9864564,121.5756198
"NATIONAL TECHNICAL UNIVERSITY OF UKRAINE ""KYIV POLYTECHNIC INSTITUTE""",50.4488824,30.4572542
OSAKA PREFECTURE UNIVERSITY,34.5454666,135.5068517
PHILIPPS-UNIVERSITÄT MARBURG,50.8106859,8.7741641
PONTIFÍCIA UNIVERSIDADE CATÓLICA DO RIO DE JANEIRO - PUC - RIO,-22.9793966,-43.2330873
"RUTGERS - THE STATE UNIVERSITY OF NEW JERSEY, NEWARK",40.5008186,-74.44739910000001
SICHUAN UNIVERSITY,30.663964,104.071022
SMITH COLLEGE,42.3162992,-72.6403095
TALLINN UNIVERSITY OF TECHNOLOGY,59.395884,24.671431
TAYLOR'S UNIVERSITY,3.063623,101.6173928
THAMMASAT UNIVERSITY,13.7574279,100.4899827
UNIVERSIDAD DE SEVILLA,37.3807579,-5.9912307
UNIVERSIDAD DEL PAIS VASCO,43.3309433,-2.9678921
UNIVERSIDAD NACIONAL DE LA PLATA,-34.9003257,-57.9317889
UNIVERSIDADE FEDERAL DE MINAS GERAIS,-19.870682,-43.9677359
UNIVERSIDADE FEDERAL DO RIO GRANDE DO SUL,-30.0335969,-51.2198396
UNIVERSITÄT BAYREUTH,49.9288196,11.585831
UNIVERSITÄT DUISBURG-ESSEN,51.4639635,7.005545799999999
UNIVERSITÄT POTSDAM,52.4010314,13.0119098
UNIVERSITÉ CLAUDE BERNARD LYON 1,45.7795871,4.8656025
UNIVERSITÉ DE FRIBOURG,46.806357,7.152006
UNIVERSITI UTARA MALAYSIA (UUM),6.457509600000001,100.5054318
UNIVERSITY OF CANBERRA,-35.2384551,149.0844455
UNIVERSITY OF DEBRECEN,47.5535039,21.6214756
UNIVERSITY OF JORDAN,32.0160453,35.8695354
UNIVERSITY OF MANITOBA,49.8075008,-97.1366259
UNIVERSITY OF MILANO-BICOCCA,45.5184868,9.2130554
UNIVERSITY OF PLYMOUTH,50.3761866,-4.139491899999999
UNIVERSITY OF PORTSMOUTH,50.7951866,-1.0935923
UNIVERSITY OF TAMPERE,61.44897999999999,23.8590618
UNIVERSITY OF ULSTER,55.0062362,-7.3236107
UNIVERSITY OF WESTMINSTER,51.52058659999999,-0.141079
VIRGINIA COMMONWEALTH UNIVERSITY,37.5483122,-77.4526805
WARSAW UNIVERSITY OF TECHNOLOGY,52.2212012,21.0080857
WORCESTER POLYTECHNIC INSTITUTE,42.27463669999999,-71.8063379
AJOU UNIVERSITY,37.2828093,127.0463654
ATENEO DE MANILA UNIVERSITY,14.6394505,121.0780915
BRNO UNIVERSITY OF TECHNOLOGY,49.20171999999999,16.6033168
CARLETON UNIVERSITY,45.3875812,-75.69602019999999
CHARLES DARWIN UNIVERSITY,-12.3717852,130.8689199
CHIANG MAI UNIVERSITY,18.7957215,98.9523301
CHINA AGRICULTURAL UNIVERSITY,40.004202,116.352988
CHONNAM NATIONAL UNIVERSITY,35.1761175,126.9058167
E.A.BUKETOV KARAGANDA STATE UNIVERSITY,49.7708253,73.1255132
GIFU UNIVERSITY,35.4662236,136.7365752
HOLY SPIRIT UNIVERSITY OF KASLIK,33.981943,35.618662
INSTITUTO POLITÉCNICO NACIONAL (IPN),19.4560151,-99.1656379
INSTITUTO TECNOLÓGICO AUTONOMO DE MÉXICO (ITAM),19.3450908,-99.2001039
INTERNATIONAL ISLAMIC UNIVERSITY MALAYSIA (IIUM),3.2504767,101.7346695
ISTANBUL TECHNICAL UNIVERSITY,41.1055941,29.0253401
JORDAN UNIVERSITY OF SCIENCE AND TECHNOLOGY,32.4950392,35.9912257
KAZAKH NATIONAL AGRARIAN UNIVERSITY,43.2419527,76.95287669999999
KAZAKH-BRITISH TECHNICAL UNIVERSITY,43.2551842,76.9431381
KYUNGPOOK NATIONAL UNIVERSITY,35.888836,128.6102997
LOUISIANA STATE UNIVERSITY,30.4132579,-91.1800023
MEMORIAL UNIVERSITY OF NEWFOUNDLAND,47.5737975,-52.7329053
NATIONAL AND KAPODISTRIAN UNIVERSITY OF ATHENS,37.968196,23.7786871
NATIONAL CHUNG HSING UNIVERSITY,24.123552,120.675326
NIIGATA UNIVERSITY,37.8677088,138.9418977
PADJADJARAN UNIVERSITY,-6.926132099999999,107.7746881
PALACKÝ UNIVERSITY IN OLOMOUC,49.5954268,17.2600152
SEJONG UNIVERSITY,37.5502596,127.073139
SOUTHERN METHODIST UNIVERSITY,32.8412178,-96.78451749999999
STEVENS INSTITUTE OF TECHNOLOGY,40.7448352,-74.0256924
TEMPLE UNIVERSITY,39.9811935,-75.1553512
TOKYO METROPOLITAN UNIVERSITY,35.6195382,139.3828392
UNIVERSIDAD DE CONCEPCIÓN,-36.8294765,-73.0341825
UNIVERSIDAD TORCUATO DI TELLA,-34.5474028,-58.4467186
UNIVERSITÉ DE LILLE,50.63165619999999,3.0752035
UNIVERSITÉ DE SHERBROOKE,45.3794876,-71.928546
UNIVERSITÉ NICE SOPHIA-ANTIPOLIS,43.7169594,7.2670603
UNIVERSITY AT ALBANY SUNY,42.6850273,-73.8247903
UNIVERSITY OF BAGHDAD,33.3463639,44.3774022
UNIVERSITY OF CRETE,35.3073146,25.0826527
UNIVERSITY OF DENVER,39.6766174,-104.9618965
UNIVERSITY OF HAIFA,32.7614296,35.0195184
UNIVERSITY OF HOUSTON,29.7199489,-95.3422334
UNIVERSITY OF LJUBLJANA,46.0491938,14.5041552
UNIVERSITY OF MINHO,41.5607319,-8.3962368
UNIVERSITY OF SEOUL,37.5838657,127.0587771
UNIVERSITY OF SHARJAH,25.2867708,55.4783714
UNIVERSITY OF WINDSOR,42.3043142,-83.06603899999999
UNIVERSITY OF WYOMING,41.3148754,-105.5665744
VICTORIA UNIVERSITY,-37.793693,144.898734
ABU DHABI UNIVERSITY,24.365309,54.562999
AIN SHAMS UNIVERSITY,30.0759774,31.28111879999999
ALPEN-ADRIA-UNIVERSITÄT KLAGENFURT,46.616079,14.2652899
BOGOR AGRICULTURAL UNIVERSITY,-6.5540816,106.7234284
BOURNEMOUTH UNIVERSITY,50.74244729999999,-1.8961022
CHUNGNAM NATIONAL UNIVERSITY,36.3679381,127.3442986
CLEMSON UNIVERSITY,34.6738437,-82.8368654
DANKOOK UNIVERSITY,37.3215984,127.1267503
EOTVOS LORAND UNIVERSITY,47.4905698,19.0585445
GEORGIA STATE UNIVERSITY,33.753068,-84.38528190000001
GUNMA UNIVERSITY,36.43098,139.0444672
HUNAN UNIVERSITY,28.178915,112.94395
LAHORE UNIVERSITY OF MANAGEMENT SCIENCES (LUMS),31.4699781,74.4110872
MAYNOOTH UNIVERSITY,53.38447799999999,-6.6011155
MISSOURI UNIVERSITY OF SCIENCE AND TECHNOLOGY,37.9537078,-91.7756271
"NATIONAL TECHNICAL UNIVERSITY ""KHARKIV POLYTECHNIC INSTITUTE""",49.9990019,36.2498081
NORTHUMBRIA UNIVERSITY AT NEWCASTLE,54.9767623,-1.6074983
SAMARA NATIONAL RESEARCH UNIVERSITY (SAMARA UNIVERSITY),53.213399,50.1757406
SHANGHAI INTERNATIONAL STUDIES UNIVERSITY,31.229618,121.418586
TECHNISCHE UNIVERSITÄT DORTMUND,51.4921902,7.4141362
TEXAS TECH UNIVERSITY,33.5842591,-101.8782822
UNIVERSIDAD ADOLFO IBÁÑEZ,-33.4884091,-70.518318
UNIVERSIDAD DE ANTIOQUIA,6.2677479,-75.5688416
UNIVERSIDAD DE SAN FRANCISCO DE QUITO,-0.19689,-78.4357443
UNIVERSIDAD IBEROAMERICANA (UIA),19.3700458,-99.2638791
UNIVERSIDADE FEDERAL DE SÃO CARLOS,-21.9838521,-47.8815359
UNIVERSITÀ DEGLI STUDI DI FERRARA,44.8334299,11.6262692
UNIVERSITÀ DEGLI STUDI DI GENOVA,44.4149029,8.926743000000002
UNIVERSITÀ DEGLI STUDI DI SIENA (UNISI),43.3191797,11.3329627
UNIVERSITÀ DEGLI STUDI DI TRIESTE (UNITS),45.6585478,13.7932365
UNIVERSITÄT BIELEFELD,52.0367238,8.4952413
UNIVERSITÄT DÜSSELDORF,51.1888113,6.794503
UNIVERSITÄT ROSTOCK,54.0755448,12.1035044
UNIVERSITÉ DE RENNES 1,48.1159299,-1.67296
UNIVERSITI TENAGA NASIONAL (UNITEN),2.9767553,101.7336879
UNIVERSITY OF ALABAMA,33.2140233,-87.5391418
UNIVERSITY OF BRESCIA,45.537837,10.217297
UNIVERSITY OF EAST LONDON,51.5076024,0.0650809
UNIVERSITY OF GREENWICH,51.4829308,-0.006994999999999999
UNIVERSITY OF HUDDERSFIELD,53.643727,-1.7787888
UNIVERSITY OF KUFA,32.0205692,44.3751184
UNIVERSITY OF PATRAS,38.28923,21.785369
UNIVERSITY OF PÉCS,46.0741828,18.237722
UNIVERSITY OF TEHRAN,35.7022192,51.39573069999999
UNIVERSITY OF TULSA,36.1519879,-95.946
VIETNAM NATIONAL UNIVERSITY - HO CHI MINH CITY (VNU-HCM),10.8686093,106.7963008
YAMAGUCHI UNIVERSITY,34.1485756,131.4678693
YOKOHAMA NATIONAL UNIVERSITY,35.4723189,139.5917861
ZAYED UNIVERSITY,25.1034537,55.3846482
AIRLANGGA UNIVERSITY,-7.2720192,112.7587376
ANNA UNIVERSITY,13.0108831,80.2353768
BEIJING FOREIGN STUDIES UNIVERSITY,39.955302,116.307359
BEIJING JIAOTONG UNIVERSITY,39.952371,116.347005
BEIJING UNIVERSITY OF TECHNOLOGY,39.871611,116.479529
COMENIUS UNIVERSITY IN BRATISLAVA,48.14119179999999,17.1159646
COMSATS INSTITUTE OF INFORMATION TECHNOLOGY,33.6518263,73.1565933
DUBLIN INSTITUTE OF TECHNOLOGY (DIT),53.3371436,-6.268236600000001
EDITH COWAN UNIVERSITY (ECU),-31.9193097,115.8684886
GERMAN JORDANIAN UNIVERSITY,31.7760931,35.8039878
"JAMIA MILLIA ISLAMIA, NEW DELHI",28.5620257,77.2827147
KANSAS STATE UNIVERSITY,39.1974437,-96.5847249
KARAGANDA STATE TECHNICAL UNIVERSITY,49.8186051,73.10439749999999
KAUNAS UNIVERSITY OF TECHNOLOGY,54.898991,23.912825
KENT STATE UNIVERSITY,41.1490629,-81.34146489999999
LONDON METROPOLITAN UNIVERSITY,51.551617,-0.110715
LONDON SOUTH BANK UNIVERSITY,51.4979806,-0.1023327
MANIPAL UNIVERSITY,13.3533424,74.7849078
MIDDLESEX UNIVERSITY,51.59013789999999,-0.228914
NAGOYA INSTITUTE OF TECHNOLOGY (NIT),35.1572112,136.9249986
NATIONAL UNIVERSITY LVIV POLYTECHNIC,49.83546,24.0143929
NEW JERSEY INSTITUTE OF TECHNOLOGY (NJIT),40.7423345,-74.1793409
OKLAHOMA STATE UNIVERSITY,36.1270236,-97.07372219999999
PARIS LODRON UNIVERSITÄT SALZBURG,47.79722959999999,13.0479826
PONTIFICIA UNIVERSIDAD CATÓLICA DE VALPARAÍSO,-33.044407,-71.60587199999999
RIGA TECHNICAL UNIVERSITY,56.9472011,24.1051693
SLOVAK UNIVERSITY OF TECHNOLOGY IN BRATISLAVA,48.1547031,17.1175266
SOPHIA UNIVERSITY,35.6835627,139.7325889
SUMY STATE UNIVERSITY,50.8918344,34.8432391
TOKYO UNIVERSITY OF SCIENCE,35.6997801,139.7414708
UNIVERSIDAD AUTÓNOMA METROPOLITANA (UAM),19.3623565,-99.07285159999999
UNIVERSIDAD CENTRAL DE VENEZUELA (UCV),10.4883502,-66.8891696
UNIVERSIDAD DE GUADALAJARA (UDG),20.6748751,-103.3589671
UNIVERSIDAD DE LAS AMÉRICAS PUEBLA (UDLAP),19.0548945,-98.28452039999999
UNIVERSIDAD NACIONAL COSTA RICA,9.998686099999999,-84.11118580000002
UNIVERSIDAD PANAMERICANA (UP),19.3731731,-99.1836532
"UNIVERSIDADE CATÓLICA PORTUGUESA, LISBOA",38.749231,-9.166027
UNIVERSIDADE DE BRASÍLIA,-15.7631573,-47.8706311
UNIVERSIDADE FEDERAL DE SANTA CATARINA,-27.6007034,-48.5191775
UNIVERSITÀ CA' FOSCARI VENEZIA,45.434532,12.326197
UNIVERSITÀ DEGLI STUDI DI PERUGIA,43.1164268,12.3868984
UNIVERSITI TEKNOLOGI MARA (UITM),3.0675831,101.4992361
UNIVERSITY OF BRIGHTON,50.8485742,-0.1119343
UNIVERSITY OF CENTRAL FLORIDA,28.6024274,-81.2000599
UNIVERSITY OF ELECTRONIC SCIENCE AND TECHNOLOGY OF CHINA,30.673684,104.098246
UNIVERSITY OF HERTFORDSHIRE,51.76136839999999,-0.2482228
UNIVERSITY OF KWAZULU-NATAL,-29.8674219,30.9807272
UNIVERSITY OF NEW HAMPSHIRE,43.138948,-70.9370252
UNIVERSITY OF SALFORD,53.4864432,-2.273396
UNIVERSITY OF SOUTHERN QUEENSLAND,-27.6043593,151.9303905
ADAM MICKIEWICZ UNIVERSITY,52.4083974,16.9154021
AGH UNIVERSITY OF SCIENCE AND TECHNOLOGY,50.06688579999999,19.9136192
AJMAN UNIVERSITY,25.4122955,55.5065758
AL AKHAWAYN UNIVERSITY IFRANE,33.5393836,-5.1057953
AL AZHAR UNIVERSITY,30.05933,31.31302
ALEXANDRIA UNIVERSITY,31.2105164,29.9132281
ALEXANDRU IOAN CUZA UNIVERSITY,47.1739612,27.5721063
"ALIGARH MUSLIM UNIVERSITY (AMU), ALIGARH",27.9135016,78.0781901
AL-IMAM MOHAMED IBN SAUD ISLAMIC UNIVERSITY,24.8135951,46.7019289
AMITY UNIVERSITY,28.5439106,77.3333123
AMRITA UNIVERSITY,10.9026791,76.9006279
ANKARA ÜNIVERSITESI,39.934855,32.8338615
AOYAMA GAKUIN UNIVERSITY,35.6603742,139.7095579
ASSIUT UNIVERSITY,27.1889161,31.1685948
ATHENS UNIVERSITY OF ECONOMICS AND BUSINESS,37.9940805,23.7324354
AUBURN UNIVERSITY,32.5933574,-85.4951663
AUSTRALIAN CATHOLIC UNIVERSITY,-37.8074982,144.9778998
BABES-BOLYAI UNIVERSITY,46.7677955,23.5912762
BAKU STATE UNIVERSITY,40.3745524,49.81144579999999
BANARAS HINDU UNIVERSITY,25.3176452,82.9739144
BANGLADESH UNIVERSITY OF ENGINEERING AND TECHNOLOGY,23.7261021,90.3919298
BAYLOR UNIVERSITY,31.5497007,-97.1143046
BELARUSIAN NATIONAL TECHNICAL UNIVERSITY,53.9210216,27.5930322
BENEMÉRITA UNIVERSIDAD AUTÓNOMA DE PUEBLA,19.0420883,-98.1951141
BINGHAMTON UNIVERSITY SUNY,42.0893553,-75.9697049
BIRLA INSTITUTE OF TECHNOLOGY AND SCIENCE,28.3588163,75.58802039999999
BIRZEIT UNIVERSITY,31.9591925,35.1820071
BRIGHAM YOUNG UNIVERSITY,40.2518435,-111.6493156
BUDAPEST UNIVERSITY OF TECHNOLOGY AND ECONOMICS,47.4813261,19.0554834
CENTRAL SOUTH UNIVERSITY,28.16437,112.93251
CHARLES STURT UNIVERSITY,-35.0584168,147.3537117
CHONGQING UNIVERSITY,29.56488,106.468097
CORVINUS UNIVERSITY OF BUDAPEST,47.4859617,19.0579744
CRACOW UNIVERSITY OF TECHNOLOGY,50.0720444,19.9427961
DE LA SALLE UNIVERSITY,14.5647294,120.9931816
DIPONEGORO UNIVERSITY,-7.0511282,110.4409009
DOSHISHA UNIVERSITY,35.0300916,135.7606883
EDINBURGH NAPIER UNIVERSITY,55.933459,-3.2118371
ESCUELA SUPERIOR POLITÉCNICA DEL LITORAL - ESPOL,-2.1481458,-79.9644885
FENG CHIA UNIVERSITY,24.178824,120.6466926
FLORIDA INTERNATIONAL UNIVERSITY,25.7563028,-80.3757191
FORDHAM UNIVERSITY,40.8620404,-73.88569869999999
FU JEN CATHOLIC UNIVERSITY,25.032609,121.4340543
GAZI ÜNIVERSITESI,39.94202190000001,32.823005
GEORGE MASON UNIVERSITY,38.8314936,-77.3114889
HACETTEPE UNIVERSITY,39.8675202,32.734754
ISTANBUL UNIVERSITY,41.0126037,28.961838
KASETSART UNIVERSITY,13.8475687,100.5696191
KAZAKH ABLAI KHAN UNIVERSITY OF INTERNATIONAL RELATIONS AND WORLD LANGUAGES,43.243604,76.92042099999999
KHON KAEN UNIVERSITY,16.4741162,102.8278044
KING FAISAL UNIVERSITY,25.3405347,49.599911
KING MONGKUT'S UNIVERSITY OF TECHNOLOGY THONBURI,13.6510248,100.4953802
KUWAIT UNIVERSITY,29.3406199,47.9212797
KYOTO INSTITUTE OF TECHNOLOGY,35.0497801,135.7820295
KYUSHU INSTITUTE OF TECHNOLOGY,33.8924508,130.8403409
LODZ UNIVERSITY OF TECHNOLOGY,51.7537146,19.4517176
LOYOLA UNIVERSITY CHICAGO,41.8973263,-87.62515049999999
MANCHESTER METROPOLITAN UNIVERSITY,53.4704767,-2.2394124
MARQUETTE UNIVERSITY,43.038473,-87.93044549999999
MEIJI UNIVERSITY,35.6972422,139.7615346
MIAMI UNIVERSITY,39.5105334,-84.73087679999999
MULTIMEDIA UNIVERSITY (MMU),2.9276384,101.6420577
MUSTANSIRIYAH UNIVERSITY,33.3667833,44.4033336
NATIONAL CHUNG CHENG UNIVERSITY,23.5633761,120.4728831
NICOLAUS COPERNICUS UNIVERSITY,53.0195187,18.5711994
NORTH-WEST UNIVERSITY,-26.690468,27.0931653
NOTRE DAME UNIVERSITY - LOUAIZE (NDU),33.9517438,35.6159377
NOTTINGHAM TRENT UNIVERSITY,52.958068,-1.1539858
NOVOSIBIRSK STATE TECHNICAL UNIVERSITY,54.9870631,82.91507059999999
OCHANOMIZU UNIVERSITY,35.71879,139.7321363
OHIO UNIVERSITY,39.324358,-82.10138889999999
PLEKHANOV RUSSIAN UNIVERSITY OF ECONOMICS,55.7273504,37.6276697
PONTIFICIA UNIVERSIDAD CATÓLICA DEL ECUADOR,-0.2094502,-78.4918206
PONTIFÍCIA UNIVERSIDADE CATÓLICA DO RIO GRANDE DO SUL,-30.0593446,-51.1734912
POZNAN UNIVERSITY OF TECHNOLOGY,52.3941095,16.91838
PRINCE OF SONGKLA UNIVERSITY,7.0064179,100.4992064
RHODES UNIVERSITY,-33.3135911,26.5163135
RIGA STRADINS UNIVERSITY,56.9536064,24.0547336
RITSUMEIKAN UNIVERSITY,35.0325561,135.7233044
RYERSON UNIVERSITY,43.6576585,-79.3788017
SAITAMA UNIVERSITY,35.8623007,139.6072773
SAN DIEGO STATE UNIVERSITY,32.77572170000001,-117.0718893
SAVITRIBAI PHULE PUNE UNIVERSITY,18.5530759,73.82459349999999
SEOUL NATIONAL UNIVERSITY OF SCIENCE AND TECHNOLOGY,37.6316684,127.0774813
SEPULUH NOPEMBER INSTITUTE OF TECHNOLOGY,-7.2823728,112.7948972
SHAHID BEHESHTI UNIVERSITY TEHRAN,35.7990628,51.3946864
SHINSHU UNIVERSITY,36.25000259999999,137.9788675
SHIRAZ UNIVERSITY,29.6459731,52.4940247
SIBERIAN FEDERAL UNIVERSITY,56.00429,92.771924
"SOFIA UNIVERSITY ""ST. KLIMENT OHRIDSKI""",42.6935079,23.3347928
SOUTH URAL STATE UNIVERSITY,55.16049,61.3702001
SOUTHERN CROSS UNIVERSITY,-28.81799,153.297815
TALLINN UNIVERSITY,59.438742,24.771645
TECHNICAL UNIVERSITY OF KOSICE,48.73046979999999,21.2455912
TECNOLÓGICO DE COSTA RICA -TEC,9.857247,-83.912313
THAPAR UNIVERSITY,30.3529716,76.3710378
THE ROBERT GORDON UNIVERSITY,57.11808139999999,-2.1442173
TOKAI UNIVERSITY,35.6644464,139.6845412
UNIVERSIDAD AUSTRAL DE CHILE,-39.8061639,-73.2516591
UNIVERSIDAD AUTÓNOMA DE NUEVO LEÓN (UANL),25.726406,-100.3119038
UNIVERSIDAD AUTÓNOMA DEL ESTADO DE MÉXICO,19.2841203,-99.6779989
UNIVERSIDAD CATÓLICA ANDRÉS BELLO - UCAB,10.4642,-66.97579999999999
UNIVERSIDAD DE CASTILLA-LA MANCHA,38.99404390000001,-3.9204979
UNIVERSIDAD DE LA REPÚBLICA (UDELAR),-34.9027846,-56.1764619
UNIVERSIDAD DE LA SABANA,4.8615787,-74.0325368
UNIVERSIDAD DE LOS ANDES MÉRIDA,8.606862099999999,-71.145264
UNIVERSIDAD DE MONTERREY,25.661072,-100.4204357
UNIVERSIDAD DE MURCIA,38.01875100000001,-1.16938
UNIVERSIDAD DE OVIEDO,43.3617187,-5.846269800000001
UNIVERSIDAD DE PUERTO RICO,18.4028091,-66.05004070000001
UNIVERSIDAD DE TALCA,-35.4042675,-71.6353226
UNIVERSIDAD DE VALPARAÍSO,-33.0406346,-71.62544729999999
UNIVERSIDAD DEL NORTE,11.0194794,-74.8504209
UNIVERSIDAD DEL ROSARIO,4.6005021,-74.0733518
UNIVERSIDAD DEL VALLE,3.3759439,-76.5333902
UNIVERSIDAD DIEGO PORTALES,-33.4498654,-70.6616465
UNIVERSIDAD EAFIT,6.199548,-75.57934
UNIVERSIDAD INDUSTRIAL DE SANTANDER,7.140089,-73.1205516
UNIVERSIDAD LATINOAMERICANA DE CIENCIA Y TECNOLOGÍA COSTA RICA (ULACIT),9.9412355,-84.0774429
UNIVERSIDAD METROPOLITANA,10.4996231,-66.7843297
UNIVERSIDAD NACIONAL DE CÓRDOBA,-31.4354855,-64.1855702
UNIVERSIDAD NACIONAL DE CUYO,-32.880732,-68.8779859
UNIVERSIDAD NACIONAL DE MAR DEL PLATA,-38.0053709,-57.57089999999999
UNIVERSIDAD NACIONAL DE ROSARIO,-32.95027290000001,-60.636032
UNIVERSIDAD NACIONAL DEL LITORAL,-31.6350243,-60.7052163
UNIVERSIDAD NACIONAL MAYOR DE SAN MARCOS,-12.0560257,-77.0844226
UNIVERSIDAD PERUANA CAYETANO HEREDIA,-12.0239471,-77.0564991
UNIVERSIDAD REY JUAN CARLOS,40.3358661,-3.8769432
UNIVERSIDAD SIMÓN BOLÍVAR VENEZUELA,10.408363,-66.8755735
UNIVERSIDAD TÉCNICA FEDERICO SANTA MARÍA,-33.0352386,-71.5967794
UNIVERSIDAD TECNOLÓGICA DE PANAMÁ (UTP),9.0238187,-79.53153979999999
UNIVERSIDAD TECNOLÓGICA NACIONAL (UTN),-34.6045381,-58.37278139999999
UNIVERSIDADE DA CORUÑA,43.369464,-8.4199065
UNIVERSIDADE DE VIGO,42.1697632,-8.6845784
UNIVERSIDADE DO ESTADO DO RIO DE JANEIRO (UERJ),-22.9111511,-43.2360028
UNIVERSIDADE ESTADUAL DE LONDRINA,-23.3241912,-51.2003547
UNIVERSIDADE FEDERAL DA BAHIA,-13.003676,-38.5100127
UNIVERSIDADE FEDERAL DE SANTA MARIA,-29.7215514,-53.7183606
UNIVERSIDADE FEDERAL DE VIÇOSA,-20.7571599,-42.8733118
UNIVERSIDADE FEDERAL DO CEARÁ (UFC),-3.7484821,-38.5766456
UNIVERSIDADE FEDERAL DO PARANÁ (UFPR),-25.4269081,-49.2617658
UNIVERSIDADE FEDERAL DO PERNAMBUCO,-8.051838499999999,-34.9507485
UNIVERSIDADE FEDERAL FLUMINENSE,-22.90308,-43.11671399999999
UNIVERSITÀ DEGLI STUDI DI CATANIA (UNICT),37.5035647,15.0864981
UNIVERSITÀ DEGLI STUDI DI MODENA E REGGIO EMILIA,44.6451046,10.9279268
UNIVERSITÀ DEGLI STUDI ROMA TRE,41.862585,12.479095
UNIVERSITÀ  DEGLI STUDI DI PALERMO,38.11779,13.369838
UNIVERSITÉ DE CAEN BASSE-NORMANDIE,49.192609,-0.3641243
UNIVERSITÉ DE CERGY-PONTOISE,49.0390787,2.0763107
UNIVERSITÉ DE LORRAINE,49.120343,6.162798
UNIVERSITÉ DE NANTES,47.2095499,-1.5559718
UNIVERSITÉ DE POITIERS,46.58569809999999,0.3457981
UNIVERSITÉ JEAN MOULIN LYON 3,45.7471823,4.859748499999999
UNIVERSITÉ LUMIÈRE LYON 2,45.7507892,4.8371651
UNIVERSITÉ PARIS OUEST NANTERRE LA DÉFENSE,48.9042905,2.2134565
UNIVERSITÉ PAUL-VALÉRY MONTPELLIER 3,43.6324414,3.870243
"UNIVERSITÉ TOULOUSE 1, CAPITOLE",43.6067724,1.4371122
UNIVERSITY OF ARKANSAS,36.0686895,-94.1748471
UNIVERSITY OF BABYLON,32.3938547,44.3981083
UNIVERSITY OF BAHRAIN,26.0509509,50.513423
UNIVERSITY OF BARI,41.1205546,16.8684745
UNIVERSITY OF BELGRADE,44.8184339,20.4575676
UNIVERSITY OF BRAWIJAYA,-7.952504299999999,112.6138604
UNIVERSITY OF BUCHAREST,44.4355381,26.1011433
UNIVERSITY OF CALCUTTA,22.5750862,88.3629188
UNIVERSITY OF CENTRAL LANCASHIRE,53.7641378,-2.7092453
UNIVERSITY OF COLOMBO,6.9000149,79.8587938
UNIVERSITY OF DHAKA,23.7339937,90.39278399999999
UNIVERSITY OF ENGINEERING & TECHNOLOGY (UET) LAHORE,31.5799244,74.3563183
UNIVERSITY OF GDANSK,54.3961355,18.5743202
UNIVERSITY OF LATVIA,56.95080979999999,24.1163132
UNIVERSITY OF LODZ,51.77207749999999,19.4740065
UNIVERSITY OF MARIBOR,46.5591885,15.6433073
UNIVERSITY OF MISSISSIPPI,34.3647324,-89.538443
UNIVERSITY OF MONTANA MISSOULA,46.8600672,-113.9852081
UNIVERSITY OF MUMBAI,18.9293321,72.8310376
UNIVERSITY OF NAIROBI,-1.2803586,36.8162641
UNIVERSITY OF NEW ENGLAND,-30.4899535,151.6410199
UNIVERSITY OF SAN DIEGO,32.7719191,-117.188213
UNIVERSITY OF SAN FRANCISCO,37.7765141,-122.4506413
UNIVERSITY OF SANTO TOMAS,14.6095132,120.9898338
UNIVERSITY OF SILESIA,50.2607501,19.0287157
UNIVERSITY OF THE PACIFIC,37.9798869,-121.3128577
UNIVERSITY OF THE PUNJAB,31.47898409999999,74.2661627
UNIVERSITY OF THE SUNSHINE COAST,-26.7172175,153.064907
UNIVERSITY OF THE WESTERN CAPE,-33.9335203,18.627958
UNIVERSITY OF WROCLAW,51.1140053,17.034463
UNIVERSITY OF ZAGREB,45.81057029999999,15.9698015
UNIVERSITY POLITEHNICA OF BUCHAREST,44.4386064,26.0494925
UNIVERSITY TOULOUSE – JEAN JAURÈS,43.5795225,1.4032247
UTAH STATE UNIVERSITY,41.745161,-111.8097425
VELLORE INSTITUTE OF TECHNOLOGY (VIT),12.972067,79.1595619
VERONA UNIVERSITY,45.4370626,11.0036321
"VIETNAM NATIONAL UNIVERSITY, HANOI",21.037743,105.781418
VORONEZH STATE UNIVERSITY,51.65667,39.206036
VYTAUTAS MAGNUS UNIVERSITY,54.8985729,23.9140947
WEST UNIVERSITY OF TIMISOARA,45.7471192,21.2316148
WROCLAW UNIVERSITY OF TECHNOLOGY,51.1078939,17.0616995
YEUNGNAM UNIVERSITY,35.8322424,128.7575746
BAYLOR COLLEGE OF MEDICINE,29.71052899999999,-95.39624099999999
BI NORWEGIAN BUSINESS SCHOOL,59.9484015,10.7685565
CENTRAL EUROPEAN UNIVERSITY,47.5005395,19.04958
COPENHAGEN BUSINESS SCHOOL,55.681611,12.529679
CRANFIELD UNIVERSITY,52.0746136,-0.6282833
ESCP EUROPE,48.8642811,2.3807013
"ESSEC BUSINESS SCHOOL, PARIS",48.89282499999999,2.239322
"GRENOBLE INP, GRENOBLE INSTITUTE OF TECHNOLOGY",45.1911358,5.7173208
HEC PARIS,48.7573476,2.1694207
INSEAD (FRANCE),48.4056186,2.6861667
JAWAHARLAL NEHRU UNIVERSITY,28.540214,77.1661949
KAROLINSKA INSTITUTE,59.34814839999999,18.0236579
KING ABDULLAH UNIVERSITY OF SCIENCE & TECHNOLOGY (KAUST),22.309465,39.104697
LONDON BUSINESS SCHOOL,51.5261552,-0.160668
STOCKHOLM SCHOOL OF ECONOMICS,59.34161820000001,18.0567906
UNIVERSITÀ COMMERCIALE LUIGI BOCCONI,45.4485736,9.189945
"UNIVERSITÉ DE TECHNOLOGIE, COMPIÈGNE (UTC)",49.4152242,2.8191144
"UNIVERSITY OF CALIFORNIA, SAN FRANCISCO (UCSF)",37.7630512,-122.4578094
"UNIVERSITY OF ECONOMICS, PRAGUE",50.0842288,14.4412041
WEIZMANN INSTITUTE OF SCIENCE,31.9045055,34.8083407
WHU OTTO BEISHEIM SCHOOL OF MANAGEMENT - KOBLENZ,50.4003254,7.613506600000001
